<rss version="2.0" xmlns:atom="http://www.w3.org/2005/Atom"><channel><title>Disabled World</title><link>https://www.disabled-world.com/</link><description>Disability Community News and Information</description><pubDate>Thu, 08 Nov 2018 15:19:06 EDT</pubDate><language>en-us</language><atom:link href="https://www.disabled-world.com/rss.xml" rel="self" type="application/rss+xml" /><atom:link rel="hub" href="https://pubsubhubbub.appspot.com"/><item><title>List of Benzodiazepines: Types and Medical Uses</title><link>https://www.disabled-world.com/medical/pharmaceutical/benzodiazepines.php</link><category>Pharmaceutical</category><description>Explanation of Benzodiazepines (Benzos) including a list of common brand names, their medical purpose and uses</description><pubDate>Wed, 07 Nov 2018 09:17:25 EDT</pubDate><guid isPermaLink="true">https://www.disabled-world.com/medical/pharmaceutical/benzodiazepines.php</guid></item><item><title>Human Growth Hormone (HGH) - An Anti-aging Remedy?</title><link>https://www.disabled-world.com/medical/supplements/hgh-aging.php</link><category>Supplements</category><description>HGH has an effect on almost all our tissues and organs, it enhances growth of various organs and tissues, muscle and bone, and increases protein synthesis</description><pubDate>Mon, 05 Nov 2018 18:15:05 EDT</pubDate><guid isPermaLink="true">https://www.disabled-world.com/medical/supplements/hgh-aging.php</guid></item><item><title>OCTA Eye Scan May Detect Sign of Early Alzheimer&#39;s</title><link>https://www.disabled-world.com/health/aging/alzheimers/eye-scan.php</link><category>Alzheimer&#39;s Disease</category><description>Results from two studies show that a new, non-invasive imaging device can see signs of Alzheimer&#39;s disease in a matter of seconds</description><pubDate>Sat, 03 Nov 2018 17:44:34 EDT</pubDate><guid isPermaLink="true">https://www.disabled-world.com/health/aging/alzheimers/eye-scan.php</guid></item><item><title>Disability Scholarships from Scholarship America - Wells Fargo</title><link>https://www.disabled-world.com/disability/education/scholarships/sawf.php</link><category>Scholarships</category><description>Wells Fargo &amp; Co. and Scholarship America announce the People with Disabilities Scholarship Program call for applications</description><pubDate>Tue, 23 Oct 2018 18:51:28 EDT</pubDate><guid isPermaLink="true">https://www.disabled-world.com/disability/education/scholarships/sawf.php</guid></item><item><title>Investors Wanted for Wheeling Comforts - An Accessible Retreat for Disabled</title><link>https://www.disabled-world.com/disability/investors/wheeling-comforts.php</link><category>Product Investors</category><description>My solution to accessibility issues plaguing the disability communities is to create, build, design and manage an all-inclusive resort I have named Wheeling Comforts</description><pubDate>Mon, 22 Oct 2018 11:53:59 EDT</pubDate><guid isPermaLink="true">https://www.disabled-world.com/disability/investors/wheeling-comforts.php</guid></item><item><title>Cheap Internet for Disabled, Seniors and Low-Income Americans</title><link>https://www.disabled-world.com/communication/high-speed-internet.php</link><category>Communication</category><description>List of low cost Internet provider plans for low income Americans including broadband, DSL, high-speed cable, and 3G 4G cell phone wireless internet access</description><pubDate>Sun, 21 Oct 2018 15:42:35 EDT</pubDate><guid isPermaLink="true">https://www.disabled-world.com/communication/high-speed-internet.php</guid></item><item><title>Religious Freedom Laws Linked to Poor Health in LGBT People</title><link>https://www.disabled-world.com/disability/sexuality/lgbt/religious-freedom.php</link><category>LGBT and Disability</category><description>Study survey reveals after Indiana passage of Religious Freedom Restoration Act (RFRA) sexual minorities increasingly reported poor health</description><pubDate>Sun, 21 Oct 2018 09:33:05 EDT</pubDate><guid isPermaLink="true">https://www.disabled-world.com/disability/sexuality/lgbt/religious-freedom.php</guid></item><item><title>List of Essential Medicine for Children and Adults</title><link>https://www.disabled-world.com/medical/eml.php</link><category>Medical News</category><description>World Health Organization (WHO) Model Lists of Essential Medicines for both adults and children</description><pubDate>Tue, 16 Oct 2018 12:53:19 EDT</pubDate><guid isPermaLink="true">https://www.disabled-world.com/medical/eml.php</guid></item><item><title>Portable Bocce Courts Could Expand Bocce Playing in Hong Kong</title><link>https://www.disabled-world.com/sports/news/bocce-hk.php</link><category>Disability Sports News</category><description>Inflatable bocce court introduced to Special Olympics athletes and coaches from Hong Kong is making the sport more accessible around the world</description><pubDate>Mon, 15 Oct 2018 10:43:31 EDT</pubDate><guid isPermaLink="true">https://www.disabled-world.com/sports/news/bocce-hk.php</guid></item><item><title>25th Annual Disability Hall of Fame Induction - Including Induction of Rt. Hon. Brian Mulroney</title><link>https://www.disabled-world.com/news/events/cfpdp.php</link><category>Events - Public Notices</category><description>On Oct. 19, 2018, the Canadian Foundation for Physically Disabled Persons will be hosting the inspiring and informative event the 25th annual Disability Hall of Fame induction</description><pubDate>Sat, 13 Oct 2018 11:54:42 EDT</pubDate><guid isPermaLink="true">https://www.disabled-world.com/news/events/cfpdp.php</guid></item><item><title>COLA 2019: 2.8% Benefit Increase - U.S. Social Security</title><link>https://www.disabled-world.com/disability/social-security/usa/benefits-2019.php</link><category>U.S. Social Security</category><description>Social Security and Supplemental Security Income (SSI) beneficiaries will receive a 2.8 percent COLA for 2019</description><pubDate>Thu, 11 Oct 2018 11:18:28 EDT</pubDate><guid isPermaLink="true">https://www.disabled-world.com/disability/social-security/usa/benefits-2019.php</guid></item><item><title>Clemson University Students to Learn Robotics Through Virtual Reality</title><link>https://www.disabled-world.com/assistivedevices/technology/robotic-vr.php</link><category>Robotics</category><description>The same technology that adds a sense of realism to video games will soon help teach students across the country about robotics in advanced manufacturing</description><pubDate>Wed, 10 Oct 2018 16:54:40 EDT</pubDate><guid isPermaLink="true">https://www.disabled-world.com/assistivedevices/technology/robotic-vr.php</guid></item><item><title>3D Facial Scans Aid Diagnosis of Children with Phelan-McDermid Syndrome</title><link>https://www.disabled-world.com/assistivedevices/biometrics/facial-scans.php</link><category>Biometrics</category><description>Researchers use 3D facial scans to aid diagnosis of children with Phelan-McDermid syndrome a rare genetic condition that causes intellectual and physical disabilities</description><pubDate>Wed, 10 Oct 2018 11:20:59 EDT</pubDate><guid isPermaLink="true">https://www.disabled-world.com/assistivedevices/biometrics/facial-scans.php</guid></item><item><title>Disability Affects 74% of Likely U.S. Midterm Election Voters</title><link>https://www.disabled-world.com/news/america/2018-midterms.php</link><category>USA - Americas</category><description>Candidates for office ignore the disability community at their peril as 74% of likely voters have a disability or have a family member or friend with disabilities</description><pubDate>Mon, 08 Oct 2018 09:16:25 EDT</pubDate><guid isPermaLink="true">https://www.disabled-world.com/news/america/2018-midterms.php</guid></item><item><title>50 Foot Rise in Global Sea Level Possible by 2300</title><link>https://www.disabled-world.com/disability/emergency/climate/sea-level.php</link><category>Climate Change</category><description>Global average sea-level could rise by nearly 8 feet by 2100 and 50 feet by 2300 if greenhouse gas emissions remain high</description><pubDate>Sun, 07 Oct 2018 15:57:04 EDT</pubDate><guid isPermaLink="true">https://www.disabled-world.com/disability/emergency/climate/sea-level.php</guid></item><item><title>Plantar Fasciitis Information: Symptoms Facts and Treatment Options</title><link>https://www.disabled-world.com/health/orthopedics/plantar-fasciitis.php</link><category>Bones - Joints</category><description>Information regarding Plantar fasciitis, plantar fasciopathy or jogger&#39;s heel, a painful disorder affecting the heel and underside of the foot or feet</description><pubDate>Wed, 03 Oct 2018 19:22:19 EDT</pubDate><guid isPermaLink="true">https://www.disabled-world.com/health/orthopedics/plantar-fasciitis.php</guid></item><item><title>Climate Change: Fate of the World in Our Hands</title><link>https://www.disabled-world.com/disability/emergency/climate/world-fate.php</link><category>Climate Change</category><description>We face a direct existential threat as we are now experiencing record-breaking temperatures around the world, extreme heatwaves, wildfires, storms and floods are leaving a trail of death and devastation</description><pubDate>Mon, 01 Oct 2018 18:48:31 EDT</pubDate><guid isPermaLink="true">https://www.disabled-world.com/disability/emergency/climate/world-fate.php</guid></item><item><title>Upcoming Flu Season and Vaccination Preparation - 2018-2019</title><link>https://www.disabled-world.com/health/influenza/influenza-season.php</link><category>Influenza - Colds</category><description>Statement by U.S. Food and Drug Administration Commissioner Scott Gottlieb, M.D., on preparations for the upcoming flu season and vaccinations</description><pubDate>Fri, 28 Sep 2018 19:16:53 EDT</pubDate><guid isPermaLink="true">https://www.disabled-world.com/health/influenza/influenza-season.php</guid></item><item><title>Shocking New Video Shows Motor Neurone Disease Devastatingly Fast Effects</title><link>https://www.disabled-world.com/disability/awareness/mnd.php</link><category>Awareness</category><description>New video from MND Association - The Ride - shows devastating effects of Motor Neurone Disease. The film features 38 year old Luke as his ability to walk, move and speak are taken away from him within just 2 years</description><pubDate>Thu, 27 Sep 2018 18:39:14 EDT</pubDate><guid isPermaLink="true">https://www.disabled-world.com/disability/awareness/mnd.php</guid></item><item><title>Comparison of Drug Prices Finds Extreme Variation in Costs</title><link>https://www.disabled-world.com/medical/pharmaceutical/moe-2018.php</link><category>Pharmaceutical</category><description>Analysis of highest and lowest prices of frequently prescribed brand name drugs finds extreme price variations among Medicare Part D drug plans</description><pubDate>Thu, 27 Sep 2018 16:08:11 EDT</pubDate><guid isPermaLink="true">https://www.disabled-world.com/medical/pharmaceutical/moe-2018.php</guid></item><item><title>ISAAC International Augmentative and Alternative Communication Awareness Month</title><link>https://www.disabled-world.com/disability/awareness/isaac-aac.php</link><category>Awareness</category><description>The October AAC Awareness Month was created to promote communication technology for people with complex communication needs</description><pubDate>Thu, 27 Sep 2018 10:19:53 EDT</pubDate><guid isPermaLink="true">https://www.disabled-world.com/disability/awareness/isaac-aac.php</guid></item><item><title>Lighthouse for the Blind-Saint Louis Acquires Assets of Badge Magic</title><link>https://www.disabled-world.com/news/pressreleases/badge-magic.php</link><category>Press Releases</category><description>Lighthouse for the Blind-Saint Louis (LHB), a not-for-profit manufacturing and packaging organization, has acquired all assets of Badge Magic</description><pubDate>Thu, 27 Sep 2018 09:30:51 EDT</pubDate><guid isPermaLink="true">https://www.disabled-world.com/news/pressreleases/badge-magic.php</guid></item><item><title>Director Olivier Bernier to Make Film About Inclusive Education Search for Son</title><link>https://www.disabled-world.com/communication/broadcasts/olivier-bernier.php</link><category>Films, Radio, TV</category><description>US director Olivier Bernier awarded $400,000 to make film about personal search for son&#39;s inclusive education, Bernier&#39;s film was selected from over 150 entries from around the world for the Videocamp Film Fund 2018</description><pubDate>Wed, 26 Sep 2018 15:13:46 EDT</pubDate><guid isPermaLink="true">https://www.disabled-world.com/communication/broadcasts/olivier-bernier.php</guid></item><item><title>Ill Effects of Smoking on Your Body</title><link>https://www.disabled-world.com/medical/pharmaceutical/addiction/smoking-effects.php</link><category>Drug Addiction</category><description>Information regarding health hazards of smoking including effect on nervous, cardiovascular and sexual reproduction systems</description><pubDate>Thu, 20 Sep 2018 16:49:05 EDT</pubDate><guid isPermaLink="true">https://www.disabled-world.com/medical/pharmaceutical/addiction/smoking-effects.php</guid></item><item><title>MDMA, Molly or Ecstasy</title><link>https://www.disabled-world.com/medical/pharmaceutical/addiction/mmda.php</link><category>Drug Addiction</category><description>Reports reveal some urban gay and bisexual men using MDMA as a part of a multiple-drug experience</description><pubDate>Thu, 20 Sep 2018 16:40:51 EDT</pubDate><guid isPermaLink="true">https://www.disabled-world.com/medical/pharmaceutical/addiction/mmda.php</guid></item><item><title>What are Muscle Cramps and How to Prevent Cramping</title><link>https://www.disabled-world.com/health/orthopedics/cramps.php</link><category>Bones - Joints</category><description>Muscle cramps generally result from over exertion and dehydration a lack of fluid in your system leads to electrolyte imbalance causing muscles to cramp up</description><pubDate>Tue, 18 Sep 2018 15:00:16 EDT</pubDate><guid isPermaLink="true">https://www.disabled-world.com/health/orthopedics/cramps.php</guid></item><item><title>WHILL, Inc. Raises $45 Million in Funding</title><link>https://www.disabled-world.com/disability/investors/maas.php</link><category>Product Investors</category><description>Latest funding round will give WHILL the ability to greatly broaden its geographic footprint across other European countries through new partnerships, branches and hiring employees to support this global growth</description><pubDate>Mon, 17 Sep 2018 19:11:30 EDT</pubDate><guid isPermaLink="true">https://www.disabled-world.com/disability/investors/maas.php</guid></item><item><title>Mood Colors: Meaning and Associations of Color Psychology</title><link>https://www.disabled-world.com/disability/awareness/mood-colors.php</link><category>Awareness</category><description>Chart showing various colors, the color meaning and what it symbolizes, for those who may be looking for ideas in designing new colored awareness bracelets and ribbons</description><pubDate>Wed, 12 Sep 2018 18:02:52 EDT</pubDate><guid isPermaLink="true">https://www.disabled-world.com/disability/awareness/mood-colors.php</guid></item><item><title>I Am Not, &#39;Seizure Boy,&#39; Netflix</title><link>https://www.disabled-world.com/communication/broadcasts/seezjahboy.php</link><category>Films, Radio, TV</category><description>Netflix clearly has no respect whatsoever for veterans with epilepsy, or the millions of people who have epilepsy in America</description><pubDate>Tue, 11 Sep 2018 18:06:37 EDT</pubDate><guid isPermaLink="true">https://www.disabled-world.com/communication/broadcasts/seezjahboy.php</guid></item><item><title>Australian Film Telling Story of Children with Disabilities in Mainstream Education</title><link>https://www.disabled-world.com/communication/broadcasts/all-means-all.php</link><category>Films, Radio, TV</category><description>All Means All will tell story of Australian disabled people including, child with the most disabilities ever in mainstream education, in inspiring documentary on inclusivity</description><pubDate>Sun, 09 Sep 2018 13:20:13 EDT</pubDate><guid isPermaLink="true">https://www.disabled-world.com/communication/broadcasts/all-means-all.php</guid></item><item><title>What Does it Take to Burn off Calories If I Eat or Drink a Food Item</title><link>https://www.disabled-world.com/fitness/diets/how-long.php</link><category>Diets - Dieting</category><description>List of various foods and drinks showing how many calories they contain and how long it would take to burn off those calories if you do certain exercises such as running, cycling, swimming, walking etc.</description><pubDate>Sat, 08 Sep 2018 15:56:44 EDT</pubDate><guid isPermaLink="true">https://www.disabled-world.com/fitness/diets/how-long.php</guid></item><item><title>Poems by Flora Aguasa</title><link>https://www.disabled-world.com/communication/poetry/flora-aguasa.php</link><category>Poetry - Poems</category><description>Five poems by Flora Aguasa that relate to being blind, disability, and faith</description><pubDate>Sat, 08 Sep 2018 11:41:44 EDT</pubDate><guid isPermaLink="true">https://www.disabled-world.com/communication/poetry/flora-aguasa.php</guid></item><item><title>Protein That May Have Existed When Life Began Identified</title><link>https://www.disabled-world.com/disability/education/anthropology/life-began.php</link><category>Anthropology</category><description>Researchers discover first and maybe only hard evidence that simple protein catalysts essential for cells to function and the building blocks of life, may have existed when life began</description><pubDate>Thu, 06 Sep 2018 10:22:18 EDT</pubDate><guid isPermaLink="true">https://www.disabled-world.com/disability/education/anthropology/life-began.php</guid></item><item><title>Link Between Obesity, Brain, and Genetics</title><link>https://www.disabled-world.com/health/neurology/brain/obesity-genetics.php</link><category>The Human Brain</category><description>When it comes to weight gain, the problem may be mostly in our heads, and our genes - The link between obesity, the brain, and genetics</description><pubDate>Thu, 06 Sep 2018 09:50:59 EDT</pubDate><guid isPermaLink="true">https://www.disabled-world.com/health/neurology/brain/obesity-genetics.php</guid></item><item><title>Deep Forehead Wrinkles Could be Sign of Heart Disease</title><link>https://www.disabled-world.com/health/cardiovascular/wrinkles.php</link><category>Cardiovascular</category><description>Research presented showed people with lots of deep forehead wrinkles, more than is typical for their age, may have higher risk of dying of cardiovascular disease (CVD)</description><pubDate>Mon, 03 Sep 2018 08:46:15 EDT</pubDate><guid isPermaLink="true">https://www.disabled-world.com/health/cardiovascular/wrinkles.php</guid></item><item><title>New Urine Test Detects Onchocerciasis a Disease that Causes Blindness</title><link>https://www.disabled-world.com/news/research/river-blindness.php</link><category>Medical Research</category><description>Researchers develop urine diagnostic to detect parasitic worms that cause river blindness or onchocerciasis, a tropical disease that afflicts 18 - 120 million people worldwide</description><pubDate>Sun, 02 Sep 2018 15:30:03 EDT</pubDate><guid isPermaLink="true">https://www.disabled-world.com/news/research/river-blindness.php</guid></item><item><title>No Need for Coffee Cancer Warning in California</title><link>https://www.disabled-world.com/health/cancer/coffee-cancer.php</link><category>Cancer - Tumors</category><description>Statement from U.S. FDA Commissioner Scott Gottlieb, M.D. regarding FDA support for exempting coffee from California cancer warning law</description><pubDate>Sun, 02 Sep 2018 15:08:43 EDT</pubDate><guid isPermaLink="true">https://www.disabled-world.com/health/cancer/coffee-cancer.php</guid></item><item><title>New Artificial Retinas Use 2D Materials</title><link>https://www.disabled-world.com/medical/nanotechnology/artificial-retina.php</link><category>Nanomedicine</category><description>The flexible artificial retina devices based on very thin 2D materials could someday restore sight to millions of people with retinal diseases</description><pubDate>Sat, 25 Aug 2018 10:22:27 EDT</pubDate><guid isPermaLink="true">https://www.disabled-world.com/medical/nanotechnology/artificial-retina.php</guid></item><item><title>Diabetes Risk Higher Among LGBQ Teens</title><link>https://www.disabled-world.com/disability/sexuality/lgbt/lgbt-diabetes.php</link><category>LGBT and Disability</category><description>First study to examine risk of diabetes among LGBQ youth reveals a higher risk of diabetes risk among LGBQ teens than heterosexual teenagers</description><pubDate>Sat, 25 Aug 2018 09:56:04 EDT</pubDate><guid isPermaLink="true">https://www.disabled-world.com/disability/sexuality/lgbt/lgbt-diabetes.php</guid></item><item><title>Rapid Onset Gender Dysphoria - A Coping Mechanism?</title><link>https://www.disabled-world.com/disability/sexuality/lgbt/coping.php</link><category>LGBT and Disability</category><description>New study suggests rapid-onset gender dysphoria might spread through groups of friends and may be a harmful coping mechanism</description><pubDate>Wed, 22 Aug 2018 17:38:39 EDT</pubDate><guid isPermaLink="true">https://www.disabled-world.com/disability/sexuality/lgbt/coping.php</guid></item><item><title>Simple Blood Test to Detect Kidney Cancer 5 Years Before Clinical Diagnosis</title><link>https://www.disabled-world.com/health/cancer/kidney/kim-1.php</link><category>Kidney Cancer</category><description>Molecule KIM-1 protein in blood of some patients with renal cell carcinoma is at elevated levels and may predict kidney cancer up to 5 years prior to diagnosis</description><pubDate>Wed, 22 Aug 2018 13:14:34 EDT</pubDate><guid isPermaLink="true">https://www.disabled-world.com/health/cancer/kidney/kim-1.php</guid></item><item><title>Dangers of Nanoparticles in the Environment Cause for Concern</title><link>https://www.disabled-world.com/medical/nanotechnology/nano-danger.php</link><category>Nanomedicine</category><description>Researchers warn that a combination of nanoparticles and contaminants may form a cocktail that is harmful to our cells</description><pubDate>Wed, 22 Aug 2018 12:35:01 EDT</pubDate><guid isPermaLink="true">https://www.disabled-world.com/medical/nanotechnology/nano-danger.php</guid></item><item><title>Nanoparticle Drug Delivery Targets Kidney Diseases</title><link>https://www.disabled-world.com/medical/nanotechnology/peptide.php</link><category>Nanomedicine</category><description>Peptide nanoparticles outsmart biological system and target the kidney cells which may prove critical to treating chronic kidney disease</description><pubDate>Tue, 21 Aug 2018 16:43:30 EDT</pubDate><guid isPermaLink="true">https://www.disabled-world.com/medical/nanotechnology/peptide.php</guid></item><item><title>Intersex Persons: History, Facts and Information</title><link>https://www.disabled-world.com/disability/sexuality/lgbt/intersex.php</link><category>LGBT and Disability</category><description>Even as a newborn, psychologists have discovered the child will be treated very differently depending on the child&#39;s gender</description><pubDate>Mon, 20 Aug 2018 18:17:56 EDT</pubDate><guid isPermaLink="true">https://www.disabled-world.com/disability/sexuality/lgbt/intersex.php</guid></item><item><title>The Lesbian, Gay, Bisexual, Transgender (LGBT) Community and Religion</title><link>https://www.disabled-world.com/disability/sexuality/lgbt/lgbt-religion.php</link><category>LGBT and Disability</category><description>LGBT people and communities often have questions and are confused about religious issues associated with diverse human sexualities and gender identities</description><pubDate>Mon, 20 Aug 2018 18:10:47 EDT</pubDate><guid isPermaLink="true">https://www.disabled-world.com/disability/sexuality/lgbt/lgbt-religion.php</guid></item><item><title>Relationships and Fidelity Issues</title><link>https://www.disabled-world.com/communication/disabled-dating/advice/fidelity.php</link><category>Disabled Dating Tips</category><description>Communication that is both open and honest is the key to any relationship and certainly in regards to fidelity</description><pubDate>Mon, 20 Aug 2018 18:02:24 EDT</pubDate><guid isPermaLink="true">https://www.disabled-world.com/communication/disabled-dating/advice/fidelity.php</guid></item><item><title>U.S. Social Security Expands Compassionate Allowance List</title><link>https://www.disabled-world.com/disability/social-security/usa/fasttrack.php</link><category>U.S. Social Security</category><description>U.S. Department of Social Security expands compassionate allowance list fast-tracking decisions for people with severe disabilities</description><pubDate>Mon, 20 Aug 2018 17:34:40 EDT</pubDate><guid isPermaLink="true">https://www.disabled-world.com/disability/social-security/usa/fasttrack.php</guid></item><item><title>Fear of Disability, Lesbians, Gays, Bisexuals and Transgender People</title><link>https://www.disabled-world.com/disability/sexuality/lgbt/lgbt-fear.php</link><category>LGBT and Disability</category><description>For people who identify as lesbian, gay, bisexual or transgender, the disability experience can be even more challenging</description><pubDate>Mon, 20 Aug 2018 13:16:44 EDT</pubDate><guid isPermaLink="true">https://www.disabled-world.com/disability/sexuality/lgbt/lgbt-fear.php</guid></item><item><title>Electronic Health Records Frustrate Both Doctors and Patients</title><link>https://www.disabled-world.com/medical/healthcare/ehr.php</link><category>Health Care</category><description>Study of Electronic Health Records (EHR) implementation at obgyns and hospitals shows reduced physician productivity, frustration for patients, even as care and outcomes improved</description><pubDate>Mon, 20 Aug 2018 10:14:10 EDT</pubDate><guid isPermaLink="true">https://www.disabled-world.com/medical/healthcare/ehr.php</guid></item><item><title>RightHear: Orientation and Navigation System for Blind and Visually Impaired</title><link>https://www.disabled-world.com/assistivedevices/visual/righthear.php</link><category>Visual Aids</category><description>RightHear system provides sight impaired full access and orientation in public buildings with real-time voice cues via smartphone about their indoor location</description><pubDate>Mon, 20 Aug 2018 09:00:09 EDT</pubDate><guid isPermaLink="true">https://www.disabled-world.com/assistivedevices/visual/righthear.php</guid></item><item><title>2018 Statistics Reveal 1 in 4 Adults Live with Disability</title><link>https://www.disabled-world.com/disability/statistics/1in4.php</link><category>Facts - Statistics</category><description>U.S. CDC figures show 1 in 4 US adults now live with a disability, with cognitive disability most common in younger adults and mobility disabilities most common for others</description><pubDate>Sun, 19 Aug 2018 16:45:13 EDT</pubDate><guid isPermaLink="true">https://www.disabled-world.com/disability/statistics/1in4.php</guid></item><item><title>For Sale: Disability and Special Needs Wooden Products Company</title><link>https://www.disabled-world.com/disability/investors/a-days-work.php</link><category>Product Investors</category><description>Just US$79,900 buys you a fully functioning profitable business which manufactures wooden musical instruments and helpful devices for persons with special needs</description><pubDate>Sun, 19 Aug 2018 10:19:18 EDT</pubDate><guid isPermaLink="true">https://www.disabled-world.com/disability/investors/a-days-work.php</guid></item><item><title>Generic Version of EpiPen Approved by U.S. FDA</title><link>https://www.disabled-world.com/medical/pharmaceutical/fda/epipen.php</link><category>FDA Approvals</category><description>Teva Pharmaceuticals USA gains approval to market its generic epinephrine auto-injector in 0.3 mg and 0.15 mg strengths for emergency treatment of allergic reactions in adults and pediatric patients who weigh more than 33 pounds</description><pubDate>Sun, 19 Aug 2018 10:10:26 EDT</pubDate><guid isPermaLink="true">https://www.disabled-world.com/medical/pharmaceutical/fda/epipen.php</guid></item><item><title>Promising Future for Birth Defects Treatments with Advances in 3D Printing</title><link>https://www.disabled-world.com/disability/publications/teratology.php</link><category>Publications</category><description>How 3D printing may help improve treatment for children with birth defects to avoid multiple surgeries, and why they are considered for use in clinics as an essential tool for individualized education and medical therapy</description><pubDate>Sun, 19 Aug 2018 09:27:59 EDT</pubDate><guid isPermaLink="true">https://www.disabled-world.com/disability/publications/teratology.php</guid></item><item><title>Breakthrough Hybrid Nanomaterial Platform to Kill Cancer Cells</title><link>https://www.disabled-world.com/medical/nanotechnology/fe3O4-au.php</link><category>Nanomedicine</category><description>Hybrid nanomaterial based on magnetite gold particles can serve as a platform to detect cancer cells anywhere in the body and to complete targeted deliveries of drugs to these cells</description><pubDate>Sat, 18 Aug 2018 16:44:47 EDT</pubDate><guid isPermaLink="true">https://www.disabled-world.com/medical/nanotechnology/fe3O4-au.php</guid></item><item><title>16 Going on 66 - Will You Be the Same Person 50 Years from Now?</title><link>https://www.disabled-world.com/fitness/longevity/16-66.php</link><category>Longevity</category><description>Study reveals that broad patterns of thoughts, feelings and behaviors - personality - do change, and this change appears to accumulate with time</description><pubDate>Fri, 17 Aug 2018 12:09:06 EDT</pubDate><guid isPermaLink="true">https://www.disabled-world.com/fitness/longevity/16-66.php</guid></item><item><title>SturdyStraw: Hands Free Bendable Drinking Aids for People with Limited Movement</title><link>https://www.disabled-world.com/assistivedevices/household/sturdystraw.php</link><category>Home Products</category><description>SturdyStraw range of hands free bendable drinking aids are simple yet innovative, designed to maximise drinking independence for people with limited movement and mobility.</description><pubDate>Thu, 16 Aug 2018 14:09:40 EDT</pubDate><guid isPermaLink="true">https://www.disabled-world.com/assistivedevices/household/sturdystraw.php</guid></item><item><title>Britain&#39;s &#39;Windrush&#39; Injustice: The Startling Similarities with Britain&#39;s Maltreatment of Disability</title><link>https://www.disabled-world.com/news/uk/windrush.php</link><category>Europe Disability News</category><description>Paul Dodenhoff writes on an interesting parallel between British citizens caught up in policy aimed at slashing Britain&#39;s immigration numbers, and Britain&#39;s disabled people caught in a similar assault upon slashing numbers of people receiving state welfare</description><pubDate>Thu, 16 Aug 2018 08:17:56 EDT</pubDate><guid isPermaLink="true">https://www.disabled-world.com/news/uk/windrush.php</guid></item><item><title>Analgesics Market Anticipated to Reach $US 79 Billion by End 2028</title><link>https://www.disabled-world.com/medical/research/analgesics.php</link><category>Market Research</category><description>Global prescription analgesics market anticipated to reach $US 79B by 2028 end, up from an estimated US$ 47.5 Bn in 2018</description><pubDate>Thu, 16 Aug 2018 06:51:31 EDT</pubDate><guid isPermaLink="true">https://www.disabled-world.com/medical/research/analgesics.php</guid></item><item><title>Spinal Cord Neural Stem Cells Show Diverse Promise for SCI</title><link>https://www.disabled-world.com/disability/types/spinal/nsc.php</link><category>Spinal Cord Injury</category><description>Derived from human pluripotent stem cells, these diverse cells advance disease modeling and may provide new, scalable source of replacement cells for spinal cord injuries (SCI)</description><pubDate>Tue, 14 Aug 2018 08:59:53 EDT</pubDate><guid isPermaLink="true">https://www.disabled-world.com/disability/types/spinal/nsc.php</guid></item><item><title>Alexa, be My Friend - Kids Talk to Technology, But How Does Tech Respond?</title><link>https://www.disabled-world.com/assistivedevices/computer/alexa-friend.php</link><category>Electronics/Software</category><description>While some interfaces have features aimed at younger users, research shows these devices generally rely on clear, precise English of adult users - and specific ones, at that</description><pubDate>Mon, 13 Aug 2018 18:30:57 EDT</pubDate><guid isPermaLink="true">https://www.disabled-world.com/assistivedevices/computer/alexa-friend.php</guid></item><item><title>Chance for Rain by Tricia Downing</title><link>https://www.disabled-world.com/disability/publications/downing.php</link><category>Publications</category><description>The book Chance for Rain by Paralympic athlete and author Tricia Downing shows disability experience for what it is - another version of the human experience</description><pubDate>Mon, 13 Aug 2018 18:10:52 EDT</pubDate><guid isPermaLink="true">https://www.disabled-world.com/disability/publications/downing.php</guid></item><item><title>Gene Responsible for Eye Degeneration and Blindness Discovered</title><link>https://www.disabled-world.com/disability/types/vision/mark3.php</link><category>Vision Loss</category><description>UNIGE researchers have identified the gene responsible for a recessive genetic disorder that causes degeneration of the eye and blindness</description><pubDate>Mon, 13 Aug 2018 07:44:51 EDT</pubDate><guid isPermaLink="true">https://www.disabled-world.com/disability/types/vision/mark3.php</guid></item><item><title>Wearable Tech: Useful or Just More Data?</title><link>https://www.disabled-world.com/assistivedevices/medical/monitors/med-data.php</link><category>Health Monitors</category><description>A new review looks at the booming industry of wearable medical devices from wrist trackers to smart garments and body sensors</description><pubDate>Sat, 11 Aug 2018 15:17:19 EDT</pubDate><guid isPermaLink="true">https://www.disabled-world.com/assistivedevices/medical/monitors/med-data.php</guid></item><item><title>Home Urinalysis Test Strip Color Chart and Explanations</title><link>https://www.disabled-world.com/calculators-charts/urinalysis.php</link><category>Calculators - Charts</category><description>Example color chart to compare home urine test strip colors in comparison to a urinalysis color chart of what each ideal test result color should read</description><pubDate>Mon, 06 Aug 2018 11:53:34 EDT</pubDate><guid isPermaLink="true">https://www.disabled-world.com/calculators-charts/urinalysis.php</guid></item><item><title>List of Kidney Diseases and Conditions</title><link>https://www.disabled-world.com/health/cancer/kidney/aki-ckd.php</link><category>Kidney Cancer</category><description>List of possible acute and chronic kidney diseases and other medical conditions that can affect human kidney function</description><pubDate>Sat, 04 Aug 2018 09:08:07 EDT</pubDate><guid isPermaLink="true">https://www.disabled-world.com/health/cancer/kidney/aki-ckd.php</guid></item><item><title>U.S. Seniors to Outnumber Children for the First Time</title><link>https://www.disabled-world.com/disability/statistics/2030-population.php</link><category>Facts - Statistics</category><description>By 2030 all U.S. baby boomers will be older than age 65, this will expand the size of the senior population so 1 in 5 residents will then be of retirement age</description><pubDate>Fri, 03 Aug 2018 09:45:24 EDT</pubDate><guid isPermaLink="true">https://www.disabled-world.com/disability/statistics/2030-population.php</guid></item><item><title>Google Glass Helps Kids With Autism Read Facial Expressions</title><link>https://www.disabled-world.com/assistivedevices/computer/superpower-glass.php</link><category>Electronics/Software</category><description>Children with autism improve social skills using smartphone app paired with Google Glass to help them understand emotions conveyed in facial expressions</description><pubDate>Thu, 02 Aug 2018 08:31:40 EDT</pubDate><guid isPermaLink="true">https://www.disabled-world.com/assistivedevices/computer/superpower-glass.php</guid></item><item><title>TBIcheck: Brain Injury Diagnosed With a Single Drop of Blood</title><link>https://www.disabled-world.com/health/neurology/tbi/tbicheck.php</link><category>Traumatic Brain Injury</category><description>Researchers develop portable device capable of diagnosing within ten minutes mild traumatic brain injury (TBI) using a drop of blood</description><pubDate>Mon, 30 Jul 2018 13:10:03 EDT</pubDate><guid isPermaLink="true">https://www.disabled-world.com/health/neurology/tbi/tbicheck.php</guid></item><item><title>Increased Lifespan of Transplanted Kidney&#39;s</title><link>https://www.disabled-world.com/health/cancer/kidney/kidney.php</link><category>Kidney Cancer</category><description>An international study lead by kidney specialist Maarten Naesens of KU Leuven shows that the progress of the lifespan of a transplanted kidney is stagnating</description><pubDate>Mon, 30 Jul 2018 10:50:17 EDT</pubDate><guid isPermaLink="true">https://www.disabled-world.com/health/cancer/kidney/kidney.php</guid></item><item><title>Transporting Drugs by Nano-submarine to Target Headaches and Tumors</title><link>https://www.disabled-world.com/medical/nanotechnology/nano-sub.php</link><category>Nanomedicine</category><description>New method enables miniature drug-filled nano-carriers to dock on to immune cells, which in turn attack tumors</description><pubDate>Mon, 30 Jul 2018 10:27:56 EDT</pubDate><guid isPermaLink="true">https://www.disabled-world.com/medical/nanotechnology/nano-sub.php</guid></item><item><title>New Hope of Spinal Cord Injury (SCI) Recovery</title><link>https://www.disabled-world.com/disability/types/spinal/spinal-recovery.php</link><category>Spinal Cord Injury</category><description>New study offers hope of recovery from spinal cord injury, novel enzyme treatment may reduce inflammation and scarring that prevent neuronal regeneration</description><pubDate>Sat, 28 Jul 2018 08:44:14 EDT</pubDate><guid isPermaLink="true">https://www.disabled-world.com/disability/types/spinal/spinal-recovery.php</guid></item><item><title>Study Reveals ADHD Drugs Do Not Improve Cognition in Healthy College Students</title><link>https://www.disabled-world.com/medical/pharmaceutical/adderall.php</link><category>Pharmaceutical</category><description>Contrary to popular belief across college campuses, attention deficit hyperactivity disorder medications may fail to improve cognition in healthy students and actually can impair functioning</description><pubDate>Sat, 28 Jul 2018 08:02:23 EDT</pubDate><guid isPermaLink="true">https://www.disabled-world.com/medical/pharmaceutical/adderall.php</guid></item><item><title>Mobile Phone Radiation May Affect Adolescent Memory Performance</title><link>https://www.disabled-world.com/news/research/rf-emf.php</link><category>Medical Research</category><description>Research conducted looked at the relationship between exposure to RF-EMF from wireless communication devices and memory performance in adolescents</description><pubDate>Sat, 28 Jul 2018 07:54:53 EDT</pubDate><guid isPermaLink="true">https://www.disabled-world.com/news/research/rf-emf.php</guid></item><item><title>Luna Azul - First For-Sale U.S. Residential Community for Adults with Special Needs</title><link>https://www.disabled-world.com/disability/housing/luna-azul-community.php</link><category>Housing</category><description>The community is suitable for adults with disabilities, providing them and others convenient access to services, vocational opportunities and urban amenities</description><pubDate>Fri, 27 Jul 2018 07:41:47 EDT</pubDate><guid isPermaLink="true">https://www.disabled-world.com/disability/housing/luna-azul-community.php</guid></item><item><title>Important New Biology Leading to Improved Healing for Bone Fractures</title><link>https://www.disabled-world.com/health/orthopedics/24-25-oh-2d.php</link><category>Bones - Joints</category><description>René St-Arnaud, Ph.D., Director of Research at Shriners Hospitals for Children - Canada shares his discovery of a new way to stimulate bone fracture healing</description><pubDate>Thu, 26 Jul 2018 08:30:39 EDT</pubDate><guid isPermaLink="true">https://www.disabled-world.com/health/orthopedics/24-25-oh-2d.php</guid></item><item><title>Gay, Lesbian, and Bisexual Seniors Dementia Prevalence Data</title><link>https://www.disabled-world.com/disability/sexuality/lgbt/lgbt-dementia.php</link><category>LGBT and Disability</category><description>First dementia prevalence data from a large population of lesbian, gay and bisexual older adults report from 2018 Alzheimer&#39;s Association International Conference in Chicago</description><pubDate>Sun, 22 Jul 2018 11:07:41 EDT</pubDate><guid isPermaLink="true">https://www.disabled-world.com/disability/sexuality/lgbt/lgbt-dementia.php</guid></item><item><title>Dehydration Study Reveals Cognition Sputter as We Get Parched</title><link>https://www.disabled-world.com/disability/types/cognitive/sputter.php</link><category>Cognitive</category><description>Research data papers on dehydration and cognitive ability showed functions like attention, coordination and complex problem solving suffering the most, and activities like reacting quickly when prompted not diminishing much</description><pubDate>Thu, 19 Jul 2018 08:33:22 EDT</pubDate><guid isPermaLink="true">https://www.disabled-world.com/disability/types/cognitive/sputter.php</guid></item><item><title>NYC Emergency Management Disability Awareness Prep Talk Podcast</title><link>https://www.disabled-world.com/disability/emergency/podcast.php</link><category>Emergency Planning</category><description>NYC Emergency Management latest prep talk podcast focuses on disability awareness - Special guests discuss the importance of preparing the disability community</description><pubDate>Wed, 18 Jul 2018 08:08:10 EDT</pubDate><guid isPermaLink="true">https://www.disabled-world.com/disability/emergency/podcast.php</guid></item><item><title>How Special Needs Desperately Need Augmented Reality</title><link>https://www.disabled-world.com/assistivedevices/computer/sn-ar.php</link><category>Electronics/Software</category><description>AR-focused EdTech company Leap With Alice aims to provide undeniable evidence that Augmented reality (AR) technology can empower learning disabilities like never before</description><pubDate>Mon, 16 Jul 2018 17:09:05 EDT</pubDate><guid isPermaLink="true">https://www.disabled-world.com/assistivedevices/computer/sn-ar.php</guid></item><item><title>Scammers Target Consumers with Fake FDA Warning Letters</title><link>https://www.disabled-world.com/disability/emergency/advisories/fda-scam.php</link><category>Warnings - Advisories</category><description>U.S. FDA warns consumers about criminals forging FDA warning letters to target people who tried to purchase medicines online or over the phone</description><pubDate>Fri, 13 Jul 2018 15:17:53 EDT</pubDate><guid isPermaLink="true">https://www.disabled-world.com/disability/emergency/advisories/fda-scam.php</guid></item><item><title>Archbishop of Canterbury Hosts Disability Conference at Lambeth Palace</title><link>https://www.disabled-world.com/news/uk/justin-welby.php</link><category>Europe Disability News</category><description>Justin Welby, The Archbishop of Canterbury, hosted a conference at Lambeth Palace to explore how disabled people can participate fully in the life of the church</description><pubDate>Fri, 13 Jul 2018 13:38:30 EDT</pubDate><guid isPermaLink="true">https://www.disabled-world.com/news/uk/justin-welby.php</guid></item><item><title>Our Children Are Worth It</title><link>https://www.disabled-world.com/disability/blogs/valuable.php</link><category>Blogs - Writings - Stories</category><description>Should one consider the life of a person with a disability less valuable than the life of a person without a disability</description><pubDate>Fri, 13 Jul 2018 09:46:45 EDT</pubDate><guid isPermaLink="true">https://www.disabled-world.com/disability/blogs/valuable.php</guid></item><item><title>Blood Sugar/Glucose Conversion Chart mmol/L to mg/dl</title><link>https://www.disabled-world.com/calculators-charts/bgl.php</link><category>Calculators - Charts</category><description>Table instantly shows mmol/L to mg/dl conversions for converting blood glucose level values, includes printable chart and mmol/L to mg/dl conversion formula</description><pubDate>Tue, 03 Jul 2018 07:39:14 EDT</pubDate><guid isPermaLink="true">https://www.disabled-world.com/calculators-charts/bgl.php</guid></item><item><title>Over One-Third of LGBTQ Adults Identify as Having a Disability</title><link>https://www.disabled-world.com/disability/sexuality/lgbtq-disability.php</link><category>Sexuality</category><description>The disability community intersects with every other minority group, and the LGBTQ community is no exception</description><pubDate>Sun, 01 Jul 2018 14:04:05 EDT</pubDate><guid isPermaLink="true">https://www.disabled-world.com/disability/sexuality/lgbtq-disability.php</guid></item><item><title>Relieving Kidney Stone Pain</title><link>https://www.disabled-world.com/health/pain/arbutin.php</link><category>Pain Acute/Chronic</category><description>Arbutin has a greater affinity for calcium and most kidney stones are formed by a bond between calcium and an oxalate, this molecule interacts with the stone, pulls it apart and dissolves it</description><pubDate>Sun, 01 Jul 2018 08:14:06 EDT</pubDate><guid isPermaLink="true">https://www.disabled-world.com/health/pain/arbutin.php</guid></item><item><title>Evolution: Why the Young are Often More Susceptible to Infection</title><link>https://www.disabled-world.com/disability/education/anthropology/seedling.php</link><category>Anthropology</category><description>Research suggests many species may have evolved to prioritize growth over immunity while maturing which explains why the young are often more susceptible than adults to infection</description><pubDate>Sun, 01 Jul 2018 08:13:52 EDT</pubDate><guid isPermaLink="true">https://www.disabled-world.com/disability/education/anthropology/seedling.php</guid></item><item><title>Wearable Epileptic Seizure Prediction Device</title><link>https://www.disabled-world.com/assistivedevices/medical/monitors/esp.php</link><category>Health Monitors</category><description>System designed to use data from non-surgical devices powered by AI and machine learning to create an affordable, portable, non-surgical device for reliable prediction of seizures for treatment-resistant epilepsy</description><pubDate>Sat, 30 Jun 2018 16:20:43 EDT</pubDate><guid isPermaLink="true">https://www.disabled-world.com/assistivedevices/medical/monitors/esp.php</guid></item><item><title>How People Judge the Exclusion of Others - Is it Their Own Fault?</title><link>https://www.disabled-world.com/disability/discrimination/judging-exclusion.php</link><category>Discrimination</category><description>The way people view social exclusion of others varies depending on how much they think the excluded person is to blame, and is heavily influenced by how similar group members are to each other</description><pubDate>Fri, 29 Jun 2018 11:16:41 EDT</pubDate><guid isPermaLink="true">https://www.disabled-world.com/disability/discrimination/judging-exclusion.php</guid></item><item><title>Vaccinating Pre-schoolers with Asthma Against the Flu</title><link>https://www.disabled-world.com/medical/immunization/preschoolers.php</link><category>Immunization</category><description>Research finds vaccinating asthmatic pre-schoolers against the flu could dramatically reduce their risk of being hospitalized after an asthma attack</description><pubDate>Fri, 29 Jun 2018 10:11:09 EDT</pubDate><guid isPermaLink="true">https://www.disabled-world.com/medical/immunization/preschoolers.php</guid></item><item><title>1 In 3 People Know Someone with Macular Disease</title><link>https://www.disabled-world.com/disability/awareness/macular-disease.php</link><category>Awareness</category><description>To mark the first day of Macular Week (25th June - 1st July) and raise awareness of the condition, The Macular Society have released a powerful new film 5 Years Through the Eyes of a Mum</description><pubDate>Thu, 28 Jun 2018 14:12:25 EDT</pubDate><guid isPermaLink="true">https://www.disabled-world.com/disability/awareness/macular-disease.php</guid></item><item><title>Prosthetic Hands - New E-Dermis Brings Sense of Touch and Pain</title><link>https://www.disabled-world.com/assistivedevices/prostheses/e-dermis.php</link><category>Prostheses - Prosthetics</category><description>Made of fabric and rubber laced with sensors to mimic nerve endings, e-dermis electronic skin will enable amputees to perceive through prosthetic fingertips</description><pubDate>Wed, 27 Jun 2018 10:03:06 EDT</pubDate><guid isPermaLink="true">https://www.disabled-world.com/assistivedevices/prostheses/e-dermis.php</guid></item><item><title>FDA Approves Glucose Monitoring System with Sensor and App for Adults with Diabetes</title><link>https://www.disabled-world.com/assistivedevices/medical/monitors/eversense-cgm.php</link><category>Health Monitors</category><description>FDA approves continuous glucose monitoring system with a fully implantable glucose sensor and compatible mobile app for adults with diabetes</description><pubDate>Thu, 21 Jun 2018 18:10:13 EDT</pubDate><guid isPermaLink="true">https://www.disabled-world.com/assistivedevices/medical/monitors/eversense-cgm.php</guid></item><item><title>Automated Insulin Delivery and Monitoring System for Younger Pediatric Patients Approved by FDA</title><link>https://www.disabled-world.com/medical/pharmaceutical/fda/minimed-670g.php</link><category>FDA Approvals</category><description>FDA approval of MiniMed 670G hybrid closed looped diabetes device to automatically monitor glucose and provide appropriate basal insulin doses for individuals aged 7 to 13 with type 1 diabetes</description><pubDate>Thu, 21 Jun 2018 17:56:47 EDT</pubDate><guid isPermaLink="true">https://www.disabled-world.com/medical/pharmaceutical/fda/minimed-670g.php</guid></item><item><title>iPad Use and Incorrect Posture Can Cause Neck Pain</title><link>https://www.disabled-world.com/health/pain/ipad-neck.php</link><category>Pain Acute/Chronic</category><description>UNLV study finds the iPad neck pain plagues women more and posture, not screen time, is biggest factor behind neck and shoulder pain</description><pubDate>Thu, 21 Jun 2018 12:01:22 EDT</pubDate><guid isPermaLink="true">https://www.disabled-world.com/health/pain/ipad-neck.php</guid></item><item><title>International Blind Sports Federation Paralympic Qualifier - Fort Wayne, IN - Summer 2019</title><link>https://www.disabled-world.com/sports/news/fort-wayne.php</link><category>Disability Sports News</category><description>Community leaders and representatives from the US Association of Blind athletes gathered to announce 2019 International Blind Sports Federation (IBSA) Goalball and Judo Paralympic Qualifying Competition which will be held in Fort Wayne, IN June 30 - July 10, 2019.</description><pubDate>Thu, 21 Jun 2018 09:57:04 EDT</pubDate><guid isPermaLink="true">https://www.disabled-world.com/sports/news/fort-wayne.php</guid></item><item><title>The Future is Now: 1 in 5 Brits Believe We are Already Co-Existing with Robots</title><link>https://www.disabled-world.com/assistivedevices/technology/uk-robotics.php</link><category>Robotics</category><description>Public attitudes to robots living and working with people polled ahead of UK Robotics Week 21st to 29th June 2018</description><pubDate>Wed, 20 Jun 2018 17:07:49 EDT</pubDate><guid isPermaLink="true">https://www.disabled-world.com/assistivedevices/technology/uk-robotics.php</guid></item><item><title>Youth with Disabilities Resolve to Affirm Their Identity</title><link>https://www.disabled-world.com/news/africa/soshanguve.php</link><category>Africa</category><description>Youth Day Disability Awareness Event that was held at Soshanguve Crossing Mall attracted a throng of young persons with disabilities together with their abled-bodied counterparts</description><pubDate>Wed, 20 Jun 2018 13:16:51 EDT</pubDate><guid isPermaLink="true">https://www.disabled-world.com/news/africa/soshanguve.php</guid></item><item><title>Paralyzed Man Rocks with Jamboxx Musical Device He Invented</title><link>https://www.disabled-world.com/assistivedevices/computer/air-guitar.php</link><category>Electronics/Software</category><description>Paralyzed man rocks air guitar national anthem at baseball stadium with Jamboxx musical device he invented</description><pubDate>Wed, 20 Jun 2018 12:45:36 EDT</pubDate><guid isPermaLink="true">https://www.disabled-world.com/assistivedevices/computer/air-guitar.php</guid></item><item><title>USICD Releases New White Paper on CRPD Monitoring</title><link>https://www.disabled-world.com/disability/accessibility/usicd-crpd.php</link><category>Accessibility</category><description>Closing the Accountability Loop: Stakeholders Understanding and Monitoring of the Implementation of CRPD Article 32</description><pubDate>Wed, 20 Jun 2018 11:57:11 EDT</pubDate><guid isPermaLink="true">https://www.disabled-world.com/disability/accessibility/usicd-crpd.php</guid></item></channel></rss>